{
    "NAME": "United States Constitution, Effective 1789, Revised 1992",
    "PREAMBLE": {
        "DESCRIPTION": "The Preamble lists the reasons that the 13 original colonies separated from their mother country, and became an independent nation.",
        "TEXT": "We the People of the United States, in Order to form a more perfect Union, establish Justice, insure domestic Tranquility, provide for the common defense, promote the general Welfare, and secure the Blessings of Liberty to ourselves and our Posterity, do ordain and establish this Constitution for the United States of America."
    },
    "DATE_CREATED": "September 17, 1787",
    "DATE_RATIFIED": "June 21, 1788",
    "DATE_EFFECTIVE": "March 4, 1789",
    "NUM_ARTICLES": 7,
    "NUM_AMENDMENTS": 27,
    "ARTICLES": {
        "ARTICLE-1": {
            "NAME": "article one",
            "DESCRIPTION": "describes the Legislative Branch, or how the U.S. Congress makes the laws for the United States. Congress has two parts, called Houses, the House of Representatives and the Senate. ",
            "NUM_SECTIONS": 10,
            "TEXT": {
                "SECTION-1": {
                    "NAME": "section one",
                    "DESCRIPTION": "establishes the first of the three branches of the government, the Legislature.",
                    "TEXT": {
                        "PARAGRAPH-1": "All legislative Powers herein granted shall be vested in a Congress of the United States, which shall consist of a Senate and House of Representatives."
                    }
                },
                "SECTION-2": {
                    "NAME": "section two",
                    "DESCRIPTION": "defines the House of Representatives, known as the lower house of Congress. It establishes a few minimum requirements, like a 25-year-old age limit, and establishes that the people themselves will elect the members for two years each. The members of the House are divided among the states proportionally, or according to size, giving more populous states more representatives in the House. The leader of the House is the Speaker of the House, chosen by the members",
                    "TEXT": {
                        "PARAGRAPH-1": "The House of Representatives shall be composed of Members chosen every second Year by the People of the several States, and the Electors in each State shall have the Qualifications requisite for Electors of the most numerous Branch of the State Legislature.",
                        "PARAGRAPH-2": "No Person shall be a Representative who shall not have attained to the Age of twenty five Years, and been seven Years a Citizen of the United States, and who shall not, when elected, be an Inhabitant of that State in which he shall be chosen.",
                        "PARAGRAPH-3": "Representatives and direct Taxes shall be apportioned among the several States which may be included within this Union, according to their respective Numbers, which shall be determined by adding to the whole Number of free Persons, including those bound to Service for a Term of Years, and excluding Indians not taxed, three fifths of all other Persons. The actual Enumeration shall be made within three Years after the first Meeting of the Congress of the United States, and within every subsequent Term of ten Years, in such Manner as they shall by Law direct. The Number of Representatives shall not exceed one for every thirty Thousand, but each State shall have at Least one Representative; and until such enumeration shall be made, the State of New Hampshire shall be entitled to choose three, Massachusetts eight, Rhode-Island and Providence Plantations one, Connecticut five, New-York six, New Jersey four, Pennsylvania eight, Delaware one, Maryland six, Virginia ten, North Carolina five, South Carolina five, and Georgia three.",
                        "PARAGRAPH-4": "When vacancies happen in the Representation from any State, the Executive Authority thereof shall issue Writs of Election to fill such Vacancies.",
                        "PARAGRAPH-5": "The House of Representatives shall choose their Speaker and other Officers; and shall have the sole Power of Impeachment."
                    }
                },
                "SECTION-3": {
                    "NAME": "section three",
                    "DESCRIPTION": "defines the upper house of Congress, the Senate. Again, it establishes some minimum requirements, such as a 30-year-old age limit. Senators were originally appointed by the legislatures of the individual states, though this later changed. They serve for six years each. Each state has equal suffrage in the Senate, meaning that each state has the exact same number of Senators, two each, regardless of the population. This Section introduces the Vice-President, who is the leader of the Senate (called the President of the Senate); the Vice-President does not vote unless there is a tie.",
                    "TEXT": {
                        "PARAGRAPH-1": "The Senate of the United States shall be composed of two Senators from each State, chosen by the Legislature thereof, for six Years; and each Senator shall have one Vote.",
                        "PARAGRAPH-2": "Immediately after they shall be assembled in Consequence of the first Election, they shall be divided as equally as may be into three Classes. The Seats of the Senators of the first Class shall be vacated at the Expiration of the second Year, of the second Class at the Expiration of the fourth Year, and of the third Class at the Expiration of the sixth Year, so that one third may be chosen every second Year; and if Vacancies happen by Resignation, or otherwise, during the Recess of the Legislature of any State, the Executive thereof may make temporary Appointments until the next Meeting of the Legislature, which shall then fill such Vacancies.",
                        "PARAGRAPH-3": "No Person shall be a Senator who shall not have attained to the Age of thirty Years, and been nine Years a Citizen of the United States, and who shall not, when elected, be an Inhabitant of that State for which he shall be chosen.",
                        "PARAGRAPH-4": "The Vice President of the United States shall be President of the Senate, but shall have no Vote, unless they be equally divided.",
                        "PARAGRAPH-5": "The Senate shall choose their other Officers, and also a President pro tempore, in the Absence of the Vice President, or when he shall exercise the Office of President of the United States.",
                        "PARAGRAPH-6": "The Senate shall have the sole Power to try all Impeachments. When sitting for that Purpose, they shall be on Oath or Affirmation. When the President of the United States is tried, the Chief Justice shall preside: And no Person shall be convicted without the Concurrence of two thirds of the Members present.",
                        "PARAGRAPH-7": "Judgment in Cases of Impeachment shall not extend further than to removal from Office, and disqualification to hold and enjoy any Office of honor, Trust or Profit under the United States: but the Party convicted shall nevertheless be liable and subject to Indictment, Trial, Judgment and Punishment, according to Law."
                    }
                },
                "SECTION-4": {
                    "NAME": "section four",
                    "DESCRIPTION": "says that each state may establish its own methods for electing members of the Congress, and mandates, or requires, that Congress must meet at least once per year.",
                    "TEXT": {
                        "PARAGRAPH-1": "The Times, Places and Manner of holding Elections for Senators and Representatives, shall be prescribed in each State by the Legislature thereof; but the Congress may at any time by Law make or alter such Regulations, except as to the Places of choosing Senators.",
                        "PARAGRAPH-2": "The Congress shall assemble at least once in every Year, and such Meeting shall be on the first Monday in December, unless they shall by Law appoint a different Day."
                    }
                },
                "SECTION-5": {
                    "NAME": "section five",
                    "DESCRIPTION": "says that Congress must have a minimum number of members present in order to meet, and that it may set fines for members who do not show up. It says that members may be expelled, that each house must keep a journal to record proceedings and votes, and that neither house can adjourn without the permission of the other.",
                    "TEXT": {
                        "PARAGRAPH-1": "Each House shall be the Judge of the Elections, Returns and Qualifications of its own Members, and a Majority of each shall constitute a Quorum to do Business; but a smaller Number may adjourn from day to day, and may be authorized to compel the Attendance of absent Members, in such Manner, and under such Penalties as each House may provide.",
                        "PARAGRAPH-2": "Each House may determine the Rules of its Proceedings, punish its Members for disorderly Behaviour, and, with the Concurrence of two thirds, expel a Member.",
                        "PARAGRAPH-3": "Each House shall keep a Journal of its Proceedings, and from time to time publish the same, excepting such Parts as may in their Judgment require Secrecy; and the Yeas and Nays of the Members of either House on any question shall, at the Desire of one fifth of those Present, be entered on the Journal.",
                        "PARAGRAPH-4": "Neither House, during the Session of Congress, shall, without the Consent of the other, adjourn for more than three days, nor to any other Place than that in which the two Houses shall be sitting."
                    }
                },
                "SECTION-6": {
                    "NAME": "section six",
                    "DESCRIPTION": "establishes that members of Congress will be paid, that they cannot be detained while traveling to and from Congress, that they cannot hold any other office in the government while in the Congress.",
                    "TEXT": {
                        "PARAGRAPH-1": "The Senators and Representatives shall receive a Compensation for their Services, to be ascertained by Law, and paid out of the Treasury of the United States. They shall in all Cases, except Treason, Felony and Breach of the Peace, be privileged from Arrest during their Attendance at the Session of their respective Houses, and in going to and returning from the same; and for any Speech or Debate in either House, they shall not be questioned in any other Place.",
                        "PARAGRAPH-2": "No Senator or Representative shall, during the Time for which he was elected, be appointed to any civil Office under the Authority of the United States, which shall have been created, or the Emoluments whereof shall have been increased during such time; and no Person holding any Office under the United States, shall be a Member of either House during his Continuance in Office."
                    }
                },
                "SECTION-7": {
                    "NAME": "section seven",
                    "DESCRIPTION": "details how bills become law. First, any bill for raising money (such as by taxes or fees) must start out in the House. All bills must pass both houses of Congress in the exact same form. Bills that pass both houses are sent to the President. He can either sign the bill, in which case it becomes law, or he can veto it. In the case of a veto, the bill is sent back to Congress, and if both houses pass it by a two-thirds majority, the bill becomes law over the President's veto. This is known as overriding a veto.",
                    "TEXT": {
                        "PARAGRAPH-1": "All Bills for raising Revenue shall originate in the House of Representatives; but the Senate may propose or concur with Amendments as on other Bills.",
                        "PARAGRAPH-2": "Every Bill which shall have passed the House of Representatives and the Senate, shall, before it become a Law, be presented to the President of the United States: If he approve he shall sign it, but if not he shall return it, with his Objections to that House in which it shall have originated, who shall enter the Objections at large on their Journal, and proceed to reconsider it. If after such Reconsideration two thirds of that House shall agree to pass the Bill, it shall be sent, together with the Objections, to the other House, by which it shall likewise be reconsidered, and if approved by two thirds of that House, it shall become a Law. But in all such Cases the Votes of both Houses shall be determined by Yeas and Nays, and the Names of the Persons voting for and against the Bill shall be entered on the Journal of each House respectively. If any Bill shall not be returned by the President within ten Days (Sundays excepted) after it shall have been presented to him, the Same shall be a Law, in like Manner as if he had signed it, unless the Congress by their Adjournment prevent its Return, in which Case it shall not be a Law.",
                        "PARAGRAPH-3": "Every Order, Resolution, or Vote to which the Concurrence of the Senate and House of Representatives may be necessary (except on a question of Adjournment) shall be presented to the President of the United States; and before the Same shall take Effect, shall be approved by him, or being disapproved by him, shall be repassed by two thirds of the Senate and House of Representatives, according to the Rules and Limitations prescribed in the Case of a Bill."
                    }
                },
                "SECTION-8": {
                    "NAME": "section eight",
                    "DESCRIPTION": "lists specific powers of Congress, including the power to establish and maintain an army and navy, to establish post offices, to create courts, to regulate commerce between the states, to declare war, and to raise money. It also includes a clause known as the Elastic Clause which allows it to pass any law necessary for the carrying out of the previously listed powers.",
                    "TEXT": {
                        "PARAGRAPH-1": "The Congress shall have Power To lay and collect Taxes, Duties, Imposts and Excises, to pay the Debts and provide for the common Defence and general Welfare of the United States; but all Duties, Imposts and Excises shall be uniform throughout the United States;",
                        "PARAGRAPH-2": "To borrow Money on the credit of the United States;",
                        "PARAGRAPH-3": "To regulate Commerce with foreign Nations, and among the several States, and with the Indian Tribes;",
                        "PARAGRAPH-4": "To establish an uniform Rule of Naturalization, and uniform Laws on the subject of Bankruptcies throughout the United States;",
                        "PARAGRAPH-5": "To coin Money, regulate the Value thereof, and of foreign Coin, and fix the Standard of Weights and Measures;",
                        "PARAGRAPH-6": "To provide for the Punishment of counterfeiting the Securities and current Coin of the United States;",
                        "PARAGRAPH-7": "To establish Post Offices and post Roads;",
                        "PARAGRAPH-8": "To promote the Progress of Science and useful Arts, by securing for limited Times to Authors and Inventors the exclusive Right to their respective Writings and Discoveries;",
                        "PARAGRAPH-9": "To constitute Tribunals inferior to the supreme Court;",
                        "PARAGRAPH-10": "To define and punish Piracies and Felonies committed on the high Seas, and Offences against the Law of Nations;",
                        "PARAGRAPH-11": "To declare War, grant Letters of Marque and Reprisal, and make Rules concerning Captures on Land and Water;",
                        "PARAGRAPH-12": "To raise and support Armies, but no Appropriation of Money to that Use shall be for a longer Term than two Years;",
                        "PARAGRAPH-13": "To provide and maintain a Navy;",
                        "PARAGRAPH-14": "To make Rules for the Government and Regulation of the land and naval Forces;",
                        "PARAGRAPH-15": "To provide for calling forth the Militia to execute the Laws of the Union, suppress Insurrections and repel Invasions;",
                        "PARAGRAPH-16": "To provide for organizing, arming, and disciplining, the Militia, and for governing such Part of them as may be employed in the Service of the United States, reserving to the States respectively, the Appointment of the Officers, and the Authority of training the Militia according to the discipline prescribed by Congress;",
                        "PARAGRAPH-17": "To exercise exclusive Legislation in all Cases whatsoever, over such District (not exceeding ten Miles square) as may, by Cession of particular States, and the Acceptance of Congress, become the Seat of the Government of the United States, and to exercise like Authority over all Places purchased by the Consent of the Legislature of the State in which the Same shall be, for the Erection of Forts, Magazines, Arsenals, dock-Yards, and other needful Buildings;-And",
                        "PARAGRAPH-18": "To make all Laws which shall be necessary and proper for carrying into Execution the foregoing Powers, and all other Powers vested by this Constitution in the Government of the United States, or in any Department or Officer thereof."
                    }
                },
                "SECTION-9": {
                    "NAME": "section nine",
                    "DESCRIPTION": "places certain limits on Congress. Certain legal items, such as suspension of habeas corpus, bills of attainder, and ex post facto laws are prohibited. No law can give preference to one state over another; no money can be taken from the treasury except by duly passed law, and no title of nobility, such as Prince or Marquis, will ever be established by the government.",
                    "TEXT": {
                        "PARAGRAPH-1": "The Migration or Importation of such Persons as any of the States now existing shall think proper to admit, shall not be prohibited by the Congress prior to the Year one thousand eight hundred and eight, but a Tax or duty may be imposed on such Importation, not exceeding ten dollars for each Person.",
                        "PARAGRAPH-2": "The Privilege of the Writ of Habeas Corpus shall not be suspended, unless when in Cases of Rebellion or Invasion the public Safety may require it.",
                        "PARAGRAPH-3": "No Bill of Attainder or ex post facto Law shall be passed.",
                        "PARAGRAPH-4": "No Capitation, or other direct, Tax shall be laid, unless in Proportion to the Census or enumeration herein before directed to be taken.",
                        "PARAGRAPH-5": "No Tax or Duty shall be laid on Articles exported from any State.",
                        "PARAGRAPH-6": "No Preference shall be given by any Regulation of Commerce or Revenue to the Ports of one State over those of another; nor shall Vessels bound to, or from, one State, be obliged to enter, clear, or pay Duties in another.",
                        "PARAGRAPH-7": "No Money shall be drawn from the Treasury, but in Consequence of Appropriations made by Law; and a regular Statement and Account of the Receipts and Expenditures of all public Money shall be published from time to time.",
                        "PARAGRAPH-8": "No Title of Nobility shall be granted by the United States: And no Person holding any Office of Profit or Trust under them, shall, without the Consent of the Congress, accept of any present, Emolument, Office, or Title, of any kind whatever, from any King, Prince, or foreign State."
                    }
                },
                "SECTION-10": {
                    "NAME": "section ten",
                    "DESCRIPTION": "prohibits the states from several things. They cannot make their own money, or declare war, or do most of the other things prohibited Congress in Section 9. They cannot tax goods from other states, nor can they have navies.",
                    "TEXT": {
                        "PARAGRAPH-1": "No State shall enter into any Treaty, Alliance, or Confederation; grant Letters of Marque and Reprisal; coin Money; emit Bills of Credit; make any Thing but gold and silver Coin a Tender in Payment of Debts; pass any Bill of Attainder, ex post facto Law, or Law impairing the Obligation of Contracts, or grant any Title of Nobility.",
                        "PARAGRAPH-2": "No State shall, without the Consent of the Congress, lay any Imposts or Duties on Imports or Exports, except what may be absolutely necessary for executing its inspection Laws: and the net Produce of all Duties and Imposts, laid by any State on Imports or Exports, shall be for the Use of the Treasury of the United States; and all such Laws shall be subject to the Revision and Control of the Congress.",
                        "PARAGRAPH-3": "No State shall, without the Consent of Congress, lay any Duty of Tonnage, keep Troops, or Ships of War in time of Peace, enter into any Agreement or Compact with another State, or with a foreign Power, or engage in War, unless actually invaded, or in such imminent Danger as will not admit of delay."
                    }
                }
            }
        },
        "ARTICLE-2": {
            "NAME": "article two",
            "DESCRIPTION": "establishes the second of the three branches of government, the Executive.",
            "NUM_SECTIONS": 4,
            "TEXT": {
                "SECTION-1": {
                    "NAME": "section one",
                    "DESCRIPTION": "establishes the office of the President and the Vice-President, and sets their terms to be four years. Presidents are elected by the Electoral College, whereby each state has one vote for each member of Congress. Certain minimum requirements are established again, such as a 35-year minimum age. Presidents must also be a natural-born citizen of the United States. The President is to be paid a salary, which cannot change as long as he or she in is office.",
                    "TEXT": {
                        "PARAGRAPH-1": "The executive Power shall be vested in a President of the United States of America. He shall hold his Office during the Term of four Years, and, together with the Vice President, chosen for the same Term, be elected, as follows:",
                        "PARAGRAPH-2": "Each State shall appoint, in such Manner as the Legislature thereof may direct, a Number of Electors, equal to the whole Number of Senators and Representatives to which the State may be entitled in the Congress: but no Senator or Representative, or Person holding an Office of Trust or Profit under the United States, shall be appointed an Elector.",
                        "PARAGRAPH-3": "The Electors shall meet in their respective States, and vote by Ballot for two Persons, of whom one at least shall not be an Inhabitant of the same State with themselves. And they shall make a List of all the Persons voted for, and of the Number of Votes for each; which List they shall sign and certify, and transmit sealed to the Seat of the Government of the United States, directed to the President of the Senate. The President of the Senate shall, in the Presence of the Senate and House of Representatives, open all the Certificates, and the Votes shall then be counted. The Person having the greatest Number of Votes shall be the President, if such Number be a Majority of the whole Number of Electors appointed; and if there be more than one who have such Majority, and have an equal Number of Votes, then the House of Representatives shall immediately choose by Ballot one of them for President; and if no Person have a Majority, then from the five highest on the List the said House shall in like Manner choose the President. But in choosing the President, the Votes shall be taken by States, the Representatives from each State having one Vote; a quorum for this Purpose shall consist of a Member or Members from two thirds of the States, and a Majority of all the States shall be necessary to a Choice. In every Case, after the Choice of the President, the Person having the greatest Number of Votes of the Electors shall be the Vice President. But if there should remain two or more who have equal Votes, the Senate shall choose from them by Ballot the Vice-President.",
                        "PARAGRAPH-4": "The Congress may determine the Time of choosing the Electors, and the Day on which they shall give their Votes; which Day shall be the same throughout the United States.",
                        "PARAGRAPH-5": "No Person except a natural born Citizen, or a Citizen of the United States, at the time of the Adoption of this Constitution, shall be eligible to the Office of President; neither shall any person be eligible to that Office who shall not have attained to the Age of thirty five Years, and been fourteen Years a Resident within the United States.",
                        "PARAGRAPH-6": "In Case of the Removal of the President from Office, or of his Death, Resignation, or Inability to discharge the Powers and Duties of the said Office, the Same shall devolve on the Vice President, and the Congress may by Law provide for the Case of Removal, Death, Resignation or Inability, both of the President and Vice President, declaring what Officer shall then act as President, and such Officer shall act accordingly, until the Disability be removed, or a President shall be elected.",
                        "PARAGRAPH-7": "The President shall, at stated Times, receive for his Services, a Compensation, which shall neither be increased nor diminished during the Period for which he shall have been elected, and he shall not receive within that Period any other Emolument from the United States, or any of them.",
                        "PARAGRAPH-8": "Before he enter on the Execution of his Office, he shall take the following Oath or Affirmation:-'I do solemnly swear (or affirm) that I will faithfully execute the Office of President of the United States, and will to the best of my Ability, preserve, protect and defend the Constitution of the United States.'"
                    }
                },
                "SECTION-2": {
                    "NAME": "section two",
                    "DESCRIPTION": "gives the President some important powers. He is commander-in-chief of the armed forces and of the militia (National Guard) of all the states; he has a Cabinet to aid him, and can pardon criminals. He makes treaties with other nations, and picks many of the judges and other members of the government (all with the approval of the Senate).",
                    "TEXT": {
                        "PARAGRAPH-1": "The President shall be Commander in Chief of the Army and Navy of the United States, and of the Militia of the several States, when called into the actual Service of the United States; he may require the Opinion, in writing, of the principal Officer in each of the executive Departments, upon any Subject relating to the Duties of their respective Offices, and he shall have Power to Grant Reprieves and Pardons for Offences against the United States, except in Cases of Impeachment.",
                        "PARAGRAPH-2": "He shall have Power, by and with the Advice and Consent of the Senate, to make Treaties, provided two thirds of the Senators present concur; and he shall nominate, and by and with the Advice and Consent of the Senate, shall appoint Ambassadors, other public Ministers and Consuls, Judges of the supreme Court, and all other Officers of the United States, whose Appointments are not herein otherwise provided for, and which shall be established by Law: but the Congress may by Law vest the Appointment of such inferior Officers, as they think proper, in the President alone, in the Courts of Law, or in the Heads of Departments.",
                        "PARAGRAPH-3": "The President shall have Power to fill up all Vacancies that may happen during the Recess of the Senate, by granting Commissions which shall expire at the End of their next Session."
                    }
                },
                "SECTION-3": {
                    "NAME": "section three",
                    "DESCRIPTION": "establishes the duties of the President: to give a state of the union address, to make suggestions to Congress, to act as head of state by receiving ambassadors and other heads of state, and to be sure the laws of the United States are carried out.",
                    "TEXT": {
                        "PARAGRAPH-1": "He shall from time to time give to the Congress Information on the State of the Union, and recommend to their Consideration such Measures as he shall judge necessary and expedient; he may, on extraordinary Occasions, convene both Houses, or either of them, and in Case of Disagreement between them, with Respect to the Time of Adjournment, he may adjourn them to such Time as he shall think proper; he shall receive Ambassadors and other public Ministers; he shall take Care that the Laws be faithfully executed, and shall Commission all the Officers of the United States."
                    }
                },
                "SECTION-4": {
                    "NAME": "section four",
                    "DESCRIPTION": "briefly discusses the removal of the President, called impeachment.",
                    "TEXT": {
                        "PARAGRAPH-1": "The President, Vice President and all Civil Officers of the United States, shall be removed from Office on Impeachment for, and Conviction of, Treason, Bribery, or other high Crimes and Misdemeanors."
                    }
                }
            }
        },
        "ARTICLE-3": {
            "NAME": "article three",
            "DESCRIPTION": "establishes the last of the three branches of government, the Judiciary. ",
            "NUM_SECTIONS": 3,
            "TEXT": {
                "SECTION-1": {
                    "NAME": "section one",
                    "DESCRIPTION": "establishes the Supreme Court, the highest court in the United States. It also sets the terms of judges, of both the Supreme Court and lower courts: that they serve as long as they are on 'good behavior,'' which usually means for life (no Justice and only a few judges have ever been impeached). It also requires that judges shall be paid.",
                    "TEXT": {
                        "PARAGRAPH-1": "The judicial Power of the United States, shall be vested in one supreme Court, and in such inferior Courts as the Congress may from time to time ordain and establish. The Judges, both of the supreme and inferior Courts, shall hold their Offices during good Behaviour, and shall, at stated Times, receive for their Services, a Compensation, which shall not be diminished during their Continuance in Office."
                    }
                },
                "SECTION-2": {
                    "NAME": "section two",
                    "DESCRIPTION": "sets the kinds of cases that may be heard by the federal judiciary, which cases the Supreme Court may hear first (called original jurisdiction), and that all other cases heard by the Supreme Court are by appeal. It also guarantees trial by jury in criminal court.",
                    "TEXT": {
                        "PARAGRAPH-1": "The judicial Power shall extend to all Cases, in Law and Equity, arising under this Constitution, the Laws of the United States, and Treaties made, or which shall be made, under their Authority;-to all Cases affecting Ambassadors, other public ministers and Consuls;-to all Cases of admiralty and maritime Jurisdiction;-to Controversies to which the United States shall be a Party;-to Controversies between two or more States;-between a State and Citizens of another State;-between Citizens of different States;-between Citizens of the same State claiming Lands under Grants of different States, and between a State, or the Citizens thereof, and foreign States, Citizens or Subjects.",
                        "PARAGRAPH-2": "In all Cases affecting Ambassadors, other public Ministers and Consuls, and those in which a State shall be Party, the supreme Court shall have original Jurisdiction. In all the other Cases before mentioned, the supreme Court shall have appellate Jurisdiction, both as to Law and Fact, with such Exceptions, and under such Regulations as the Congress shall make.",
                        "PARAGRAPH-3": "The Trial of all Crimes, except in Cases of Impeachment, shall be by Jury; and such Trial shall be held in the State where the said Crimes shall have been committed; but when not committed within any State, the Trial shall be at such Place or Places as the Congress may by Law have directed."
                    }
                },
                "SECTION-3": {
                    "NAME": "section three",
                    "DESCRIPTION": "defines the crime of treason.",
                    "TEXT": {
                        "PARAGRAPH-1": "Treason against the United States, shall consist only in levying War against them, or in adhering to their Enemies, giving them Aid and Comfort. No Person shall be convicted of Treason unless on the Testimony of two Witnesses to the same overt Act, or on Confession in open Court.",
                        "PARAGRAPH-2": "The Congress shall have Power to declare the Punishment of Treason, but no Attainder of Treason shall work Corruption of Blood, or Forfeiture except during the Life of the Person attainted."
                    }
                }
            }
        },
        "ARTICLE-4": {
            "NAME": "article four",
            "DESCRIPTION": "concerns the states.",
            "NUM_SECTIONS": 4,
            "TEXT": {
                "SECTION-1": {
                    "NAME": "section one",
                    "DESCRIPTION": "mandates that all states will honor the laws of all other states; this ensures, for example, that a couple married in Florida is also considered married by Arizona, or that someone convicted of a crime in Virginia is considered guilty by Wyoming.",
                    "TEXT": {
                        "PARAGRAPH-1": "Full Faith and Credit shall be given in each State to the public Acts, Records, and judicial Proceedings of every other State. And the Congress may by general Laws prescribe the Manner in which such Acts, Records and Proceedings shall be proved, and the Effect thereof."
                    }
                },
                "SECTION-2": {
                    "NAME": "section two",
                    "DESCRIPTION": "guarantees that citizens of one state be treated equally and fairly like all citizens of another. It also says that if a person accused of a crime in one state flees to another, they will be returned to the state they fled from. This section also has a clause dealing with fugitive slaves that no longer applies.",
                    "TEXT": {
                        "PARAGRAPH-1": "The Citizens of each State shall be entitled to all Privileges and Immunities of Citizens in the several States.",
                        "PARAGRAPH-2": "A Person charged in any State with Treason, Felony, or other Crime, who shall flee from Justice, and be found in another State, shall on Demand of the executive Authority of the State from which he fled, be delivered up, to be removed to the State having Jurisdiction of the Crime.",
                        "PARAGRAPH-3": "No Person held to Service or Labour in one State, under the Laws thereof, escaping into another, shall, in Consequence of any Law or Regulation therein, be discharged from such Service or Labour, but shall be delivered up on Claim of the Party to whom such Service or Labour may be due."
                    }
                },
                "SECTION-3": {
                    "NAME": "section three",
                    "DESCRIPTION": "concerns the admittance of new states and the control of federal lands.",
                    "TEXT": {
                        "PARAGRAPH-1": "New States may be admitted by the Congress into this Union; but no new State shall be formed or erected within the Jurisdiction of any other State; nor any State be formed by the Junction of two or more States, or Parts of States, without the Consent of the Legislatures of the States concerned as well as of the Congress.",
                        "PARAGRAPH-2": "The Congress shall have Power to dispose of and make all needful Rules and Regulations respecting the Territory or other Property belonging to the United States; and nothing in this Constitution shall be so construed as to Prejudice any Claims of the United States, or of any particular State."
                    }
                },
                "SECTION-4": {
                    "NAME": "section four",
                    "DESCRIPTION": "ensures a republican form of government (which, in this case, is synonymous with 'representative democracy,'' and both of which are opposed to a monarchical or aristocratic scheme - the state derives its power from the people, not from a king or gentry) and guarantees that the federal government will protect the states against invasion and insurrection.",
                    "TEXT": {
                        "PARAGRAPH-1": "The United States shall guarantee to every State in this Union a Republican Form of Government, and shall protect each of them against Invasion; and on Application of the Legislature, or of the Executive (when the Legislature cannot be convened) against domestic Violence."
                    }
                }
            }
        },
        "ARTICLE-5": {
            "NAME": "article five",
            "DESCRIPTION": "details the method of amending, or changing, the Constitution. ",
            "NUM_SECTIONS": 0,
            "TEXT": {
                "PARAGRAPH-1": "The Congress, whenever two thirds of both Houses shall deem it necessary, shall propose Amendments to this Constitution, or, on the Application of the Legislatures of two thirds of the several States, shall call a Convention for proposing Amendments, which, in either Case, shall be valid to all Intents and Purposes, as Part of this Constitution, when ratified by the Legislatures of three fourths of the several States, or by Conventions in three fourths thereof, as the one or the other Mode of Ratification may be proposed by the Congress; Provided that no Amendment which may be made prior to the Year One thousand eight hundred and eight shall in any Manner affect the first and fourth Clauses in the Ninth Section of the first Article; and that no State, without its Consent, shall be deprived of its equal Suffrage in the Senate."
            }
        },
        "ARTICLE-6": {
            "NAME": "article six",
            "DESCRIPTION": "concerns the United States itself. First, it guarantees that the United States under the Constitution would assume all debts and contracts entered into by the United States under the Articles of Confederation. It sets the Constitution and all laws and treaties of the United States to be the supreme law of the country. Finally, it requires all officers of the United States and of the states to swear an oath of allegiance to the United States and the Constitution when taking office.",
            "NUM_SECTIONS": 0,
            "TEXT": {
                "PARAGRAPH-1": "All Debts contracted and Engagements entered into, before the Adoption of this Constitution, shall be as valid against the United States under this Constitution, as under the Confederation.",
                "PARAGRAPH-2": "This Constitution, and the Laws of the United States which shall be made in Pursuance thereof; and all Treaties made, or which shall be made, under the Authority of the United States, shall be the supreme Law of the Land; and the Judges in every State shall be bound thereby, any Thing in the Constitution or Laws of any state to the Contrary notwithstanding.",
                "PARAGRAPH-3": "The Senators and Representatives before mentioned, and the Members of the several State Legislatures, and all executive and judicial Officers, both of the United States and of the several States, shall be bound by Oath or Affirmation, to support this Constitution; but no religious Test shall ever be required as a Qualification to any Office or public Trust under the United States."
            }
        },
        "ARTICLE-7": {
            "NAME": "article seven",
            "DESCRIPTION": "details the method for ratification, or acceptance, of the Constitution: of the original 13 states in the United States, nine had to accept the Constitution before it would officially go into effect.",
            "NUM_SECTIONS": 0,
            "TEXT": {
                "PARAGRAPH-1": "The Ratification of the Conventions of nine States, shall be sufficient for the Establishment of this Constitution between the States so ratifying the Same.",
                "PARAGRAPH-2": "DONE in Convention by the Unanimous Consent of the States present the Seventeenth Day of September in the Year of our Lord one thousand seven hundred and Eighty seven and of the Independence of the United States of America the Twelfth. In WITNESS whereof We have hereunto subscribed our Names,",
                "PARAGRAPH-3": "Go. Washington-",
                "PARAGRAPH-4": "Presidt and deputy from Virginia",
                "PARAGRAPH-5": "New Hampshire: John Langdon, Nicholas Gilman.",
                "PARAGRAPH-6": "Massachusetts: Nathaniel Gorham, Rufus King.",
                "PARAGRAPH-7": "Connecticut: Wm. Saml. Johnson, Roger Sherman.",
                "PARAGRAPH-8": "New York: Alexander Hamilton.",
                "PARAGRAPH-9": "New Jersey: Wil: Livingston, David Brearley, Wm. Paterson, Jona. Dayton.",
                "PARAGRAPH-10": "Pennsylvania: B. Franklin, Robt. Morris, Tho: Fitzsimons, James Wilson, Thomas Mifflin, Geo. Clymer, Jared Ingersoll, Gouv: Morris.",
                "PARAGRAPH-11": "Delaware: Geo: Read, John Dickinson, Jaco: Broom, Gunning Bedford, Jun'r, Richard Bassett.",
                "PARAGRAPH-12": "Maryland: James M'Henry, Danl Carroll, Dan: of St. Thos. Jenifer.",
                "PARAGRAPH-13": "Virginia: John Blair, James Madison, Jr.",
                "PARAGRAPH-14": "North Carolina: Wm. Blount, Hu. Williamson, Rich’d Dobbs Spaight.",
                "PARAGRAPH-15": "South Carolina: J. Rutledge, Charles Pinckney, Charles Cotesworth Pinckney, Pierce Butler.",
                "PARAGRAPH-16": "Georgia William: Few, Abr. Baldwin",
                "PARAGRAPH-17": "Attest: William Jackson, Secretary."
            }
        }
    },
    "AMENDMENTS": {
        "AMENDMENT-1": {
            "NAME": "the first amendment",
            "DESCRIPTION": "Prohibits Congress from making any law respecting an establishment of religion, impeding the free exercise of religion, abridging the freedom of speech, infringing on the freedom of the press, interfering with the right to peaceably assemble or prohibiting the petitioning for a governmental redress of grievances.",
            "DATE_RATIFIED": "December 15, 1791",
            "NUM_SECTIONS": 0,
            "TEXT": {
                "PARAGRAPH-1": "Congress shall make no law respecting an establishment of religion, or prohibiting the free exercise thereof; or abridging the freedom of speech, or of the press; or the right of the people peaceably to assemble, and to petition the Government for a redress of grievances."
            }
        },
        "AMENDMENT-2": {
            "NAME": "the second amendment",
            "DESCRIPTION": "Protects the right to keep and bear arms.",
            "DATE_RATIFIED": "December 15, 1791",
            "NUM_SECTIONS": 0,
            "TEXT": {
                "PARAGRAPH-1": "A well regulated Militia, being necessary to the security of a free State, the right of the people to keep and bear Arms, shall not be infringed."
            }
        },
        "AMENDMENT-3": {
            "NAME": "the third amendment",
            "DESCRIPTION": "Places restrictions on the quartering of soldiers in private homes without the owner's consent, prohibiting it during peacetime.",
            "DATE_RATIFIED": "December 15, 1791",
            "NUM_SECTIONS": 0,
            "TEXT": {
                "PARAGRAPH-1": "No Soldier shall, in time of peace be quartered in any house, without the consent of the Owner, nor in time of war, but in a manner to be prescribed by law."
            }
        },
        "AMENDMENT-4": {
            "NAME": "the fourth amendment",
            "DESCRIPTION": "Prohibits unreasonable searches and seizures and sets out requirements for search warrants based on probable cause as determined by a neutral judge or magistrate.",
            "DATE_RATIFIED": "December 15, 1791",
            "NUM_SECTIONS": 0,
            "TEXT": {
                "PARAGRAPH-1": "The right of the people to be secure in their persons, houses, papers, and effects, against unreasonable searches and seizures, shall not be violated, and no Warrants shall issue, but upon probable cause, supported by Oath or affirmation, and particularly describing the place to be searched, and the persons or things to be seized."
            }
        },
        "AMENDMENT-5": {
            "NAME": "the fifth amendment",
            "DESCRIPTION": "Sets out rules for indictment by grand jury and eminent domain, protects the right to due process, and prohibits self-incrimination and double jeopardy.",
            "DATE_RATIFIED": "December 15, 1791",
            "NUM_SECTIONS": 0,
            "TEXT": {
                "PARAGRAPH-1": "No person shall be held to answer for a capital, or otherwise infamous crime, unless on a presentment or indictment of a Grand Jury, except in cases arising in the land or naval forces, or in the Militia, when in actual service in time of War or public danger; nor shall any person be subject for the same offence to be twice put in jeopardy of life or limb; nor shall be compelled in any criminal case to be a witness against himself, nor be deprived of life, liberty, or property, without due process of law; nor shall private property be taken for public use, without just compensation."
            }
        },
        "AMENDMENT-6": {
            "NAME": "the sixth amendment",
            "DESCRIPTION": "Protects the right to a fair and speedy public trial by jury, including the rights to be notified of the accusations, to confront the accuser, to obtain witnesses and to retain counsel.",
            "DATE_RATIFIED": "December 15, 1791",
            "NUM_SECTIONS": 0,
            "TEXT": {
                "PARAGRAPH-1": "In all criminal prosecutions, the accused shall enjoy the right to a speedy and public trial, by an impartial jury of the State and district wherein the crime shall have been committed, which district shall have been previously ascertained by law, and to be informed of the nature and cause of the accusation; to be confronted with the witnesses against him; to have compulsory process for obtaining witnesses in his favor, and to have the Assistance of Counsel for his defence."
            }
        },
        "AMENDMENT-7": {
            "NAME": "the seventh amendment",
            "DESCRIPTION": "Provides for the right to trial by jury in certain civil cases, according to common law.",
            "DATE_RATIFIED": "December 15, 1791",
            "NUM_SECTIONS": 0,
            "TEXT": {
                "PARAGRAPH-1": "In Suits at common law, where the value in controversy shall exceed twenty dollars, the right of trial by jury shall be preserved, and no fact tried by a jury, shall be otherwise re-examined in any Court of the United States, than according to the rules of the common law."
            }
        },
        "AMENDMENT-8": {
            "NAME": "the eigth amendment",
            "DESCRIPTION": "Prohibits excessive fines and excessive bail, as well as cruel and unusual punishment.",
            "DATE_RATIFIED": "December 15, 1791",
            "NUM_SECTIONS": 0,
            "TEXT": {
                "PARAGRAPH-1": "Excessive bail shall not be required, nor excessive fines imposed, nor cruel and unusual punishments inflicted."
            }
        },
        "AMENDMENT-9": {
            "NAME": "the ninth amendment",
            "DESCRIPTION": "Protects rights not enumerated in the Constitution.",
            "DATE_RATIFIED": "December 15, 1791",
            "NUM_SECTIONS": 0,
            "TEXT": {
                "PARAGRAPH-1": "The enumeration in the Constitution, of certain rights, shall not be construed to deny or disparage others retained by the people."
            }
        },
        "AMENDMENT-10": {
            "NAME": "the tenth amendment",
            "DESCRIPTION": "Reinforces the principle of federalism by stating that the federal government possesses only those powers delegated to it by the states or the people through the Constitution.",
            "DATE_RATIFIED": "December 15, 1791",
            "NUM_SECTIONS": 0,
            "TEXT": {
                "PARAGRAPH-1": "The powers not delegated to the United States by the Constitution, nor prohibited by it to the States, are reserved to the States respectively, or to the people."
            }
        },
        "AMENDMENT-11": {
            "NAME": "the eleventh amendment",
            "DESCRIPTION": "Makes states immune from suits from out-of-state citizens and foreigners not living within the state borders; lays the foundation for sovereign immunity.",
            "DATE_RATIFIED": "February 7, 1795",
            "NUM_SECTIONS": 0,
            "TEXT": {
                "PARAGRAPH-1": "The Judicial power of the United States shall not be construed to extend to any suit in law or equity, commenced or prosecuted against one of the United States by Citizens of another State, or by Citizens or Subjects of any Foreign State."
            }
        },
        "AMENDMENT-12": {
            "NAME": "the twelth amendment",
            "DESCRIPTION": "Revises presidential election procedures.",
            "DATE_RATIFIED": "June 15, 1804",
            "NUM_SECTIONS": 0,
            "TEXT": {
                "PARAGRAPH-1": "The Electors shall meet in their respective states and vote by ballot for President and Vice-President, one of whom, at least, shall not be an inhabitant of the same state with themselves; they shall name in their ballots the person voted for as President, and in distinct ballots the person voted for as Vice-President, and they shall make distinct lists of all persons voted for as President, and of all persons voted for as Vice-President, and of the number of votes for each, which lists they shall sign and certify, and transmit sealed to the seat of the government of the United States, directed to the President of the Senate;-The President of the Senate shall, in the presence of the Senate and House of Representatives, open all the certificates and the votes shall then be counted;-The person having the greatest Number of votes for President, shall be the President, if such number be a majority of the whole number of Electors appointed; and if no person have such majority, then from the persons having the highest numbers not exceeding three on the list of those voted for as President, the House of Representatives shall choose immediately, by ballot, the President. But in choosing the President, the votes shall be taken by states, the representation from each state having one vote; a quorum for this purpose shall consist of a member or members from two-thirds of the states, and a majority of all the states shall be necessary to a choice. And if the House of Representatives shall not choose a President whenever the right of choice shall devolve upon them, before the fourth day of March next following, then the Vice-President shall act as President, as in the case of the death or other constitutional disability of the President-The person having the greatest number of votes as Vice-President, shall be the Vice-President, if such number be a majority of the whole number of Electors appointed, and if no person have a majority, then from the two highest numbers on the list, the Senate shall choose the Vice-President; a quorum for the purpose shall consist of two-thirds of the whole number of Senators, and a majority of the whole number shall be necessary to a choice. But no person constitutionally ineligible to the office of President shall be eligible to that of Vice-President of the United States."
            }
        },
        "AMENDMENT-13": {
            "NAME": "the thirteenth amendment",
            "DESCRIPTION": "Abolishes slavery, and involuntary servitude, except as punishment for a crime.",
            "DATE_RATIFIED": "December 6, 1865",
            "NUM_SECTIONS": 2,
            "TEXT": {
                "SECTION-1": {
                    "NAME": "section one",
                    "DESCRIPTION": "",
                    "TEXT": {
                        "PARAGRAPH-1": "Neither slavery nor involuntary servitude, except as a punishment for crime whereof the party shall have been duly convicted, shall exist within the United States, or any place subject to their jurisdiction."
                    }
                },
                "SECTION-2": {
                    "NAME": "section two",
                    "DESCRIPTION": "",
                    "TEXT": {
                        "PARAGRAPH-1": "Congress shall have power to enforce this article by appropriate legislation."
                    }
                }
            }
        },
        "AMENDMENT-14": {
            "NAME": "the fourteenth amendment",
            "DESCRIPTION": "Defines citizenship, contains the Privileges or Immunities Clause, the Due Process Clause, the Equal Protection Clause, and deals with post–Civil War issues.",
            "DATE_RATIFIED": "July 9, 1868",
            "NUM_SECTIONS": 5,
            "TEXT": {
                "SECTION-1": {
                    "NAME": "section one",
                    "DESCRIPTION": "",
                    "TEXT": {
                        "PARAGRAPH-1": "All persons born or naturalized in the United States and subject to the jurisdiction thereof, are citizens of the United States and of the State wherein they reside. No State shall make or enforce any law which shall abridge the privileges or immunities of citizens of the United States; nor shall any State deprive any person of life, liberty, or property, without due process of law; nor deny to any person within its jurisdiction the equal protection of the laws."
                    }
                },
                "SECTION-2": {
                    "NAME": "section two",
                    "DESCRIPTION": "",
                    "TEXT": {
                        "PARAGRAPH-1": "Representatives shall be apportioned among the several States according to their respective numbers, counting the whole number of persons in each State, excluding Indians not taxed. But when the right to vote at any election for the choice of electors for President and Vice President of the United States, Representatives in Congress, the Executive and Judicial officers of a State, or the members of the Legislature thereof, is denied to any of the male inhabitants of such State, being twenty-one years of age, and citizens of the United States, or in any way abridged, except for participation in rebellion, or other crime, the basis of representation therein shall be reduced in the proportion which the number of such male citizens shall bear to the whole number of male citizens twenty-one years of age in such State."
                    }
                },
                "SECTION-3": {
                    "NAME": "section three",
                    "DESCRIPTION": "",
                    "TEXT": {
                        "PARAGRAPH-1": "No person shall be a Senator or Representative in Congress, or elector of President and Vice President, or hold any office, civil or military, under the United States, or under any State, who, having previously taken an oath, as a member of Congress, or as an officer of the United States, or as a member of any State legislature, or as an executive or judicial officer of any State, to support the Constitution of the United States, shall have engaged in insurrection or rebellion against the same, or given aid or comfort to the enemies thereof. But Congress may by a vote of two-thirds of each House, remove such disability."
                    }
                },
                "SECTION-4": {
                    "NAME": "section four",
                    "DESCRIPTION": "",
                    "TEXT": {
                        "PARAGRAPH-1": "The validity of the public debt of the United States, authorized by law, including debts incurred for payment of pensions and bounties for services in suppressing insurrection or rebellion, shall not be questioned. But neither the United States nor any State shall assume or pay any debt or obligation incurred in aid of insurrection or rebellion against the United States, or any claim for the loss or emancipation of any slave; but all such debts, obligations and claims shall be held illegal and void."
                    }
                },
                "SECTION-5": {
                    "NAME": "section five",
                    "DESCRIPTION": "",
                    "TEXT": {
                        "PARAGRAPH-1": "The Congress shall have power to enforce, by appropriate legislation, the provisions of this article."
                    }
                }
            }
        },
        "AMENDMENT-15": {
            "NAME": "the fifteenth amendment",
            "DESCRIPTION": "Prohibits the denial of the right to vote based on race, color, or previous condition of servitude.",
            "DATE_RATIFIED": "February 3, 1870",
            "NUM_SECTIONS": 2,
            "TEXT": {
                "SECTION-1": {
                    "NAME": "section one",
                    "DESCRIPTION": "",
                    "TEXT": {
                        "PARAGRAPH-1": "The right of citizens of the United States to vote shall not be denied or abridged by the United States or by any State on account of race, color, or previous condition of servitude."
                    }
                },
                "SECTION-2": {
                    "NAME": "section two",
                    "DESCRIPTION": "",
                    "TEXT": {
                        "PARAGRAPH-1": "The Congress shall have power to enforce this article by appropriate legislation."
                    }
                }
            }
        },
        "AMENDMENT-16": {
            "NAME": "the sixteenth amendment",
            "DESCRIPTION": "Permits Congress to levy an income tax without apportioning it among the states or basing it on the United States Census.",
            "DATE_RATIFIED": "February 3, 1913",
            "NUM_SECTIONS": 0,
            "TEXT": {
                "PARAGRAPH-1": "The Congress shall have power to lay and collect taxes on incomes, from whatever source derived, without apportionment among the several States, and without regard to any census or enumeration."
            }
        },
        "AMENDMENT-17": {
            "NAME": "the seventeenth amendment",
            "DESCRIPTION": "Establishes the direct election of United States Senators by popular vote.",
            "DATE_RATIFIED": "April 8, 1913",
            "NUM_SECTIONS": 0,
            "TEXT": {
                "PARAGRAPH-1": "The Senate of the United States shall be composed of two Senators from each State, elected by the people thereof, for six years; and each Senator shall have one vote. The electors in each State shall have the qualifications requisite for electors of the most numerous branch of the State legislatures.",
                "PARAGRAPH-2": "When vacancies happen in the representation of any State in the Senate, the executive authority of such State shall issue writs of election to fill such vacancies: Provided, That the legislature of any State may empower the executive thereof to make temporary appointments until the people fill the vacancies by election as the legislature may direct.",
                "PARAGRAPH-3": "This amendment shall not be so construed as to affect the election or term of any Senator chosen before it becomes valid as part of the Constitution."
            }
        },
        "AMENDMENT-18": {
            "NAME": "the eighteenth amendment",
            "DESCRIPTION": "Prohibited the manufacturing or sale of alcohol within the United States.",
            "DATE_RATIFIED": "January 16, 1919",
            "NUM_SECTIONS": 3,
            "TEXT": {
                "SECTION-1": {
                    "NAME": "section one",
                    "DESCRIPTION": "",
                    "TEXT": {
                        "PARAGRAPH-1": "After one year from the ratification of this article the manufacture, sale, or transportation of intoxicating liquors within, the importation thereof into, or the exportation thereof from the United States and all territory subject to the jurisdiction thereof for beverage purposes is hereby prohibited."
                    }
                },
                "SECTION-2": {
                    "NAME": "section two",
                    "DESCRIPTION": "",
                    "TEXT": {
                        "PARAGRAPH-1": "The Congress and the several States shall have concurrent power to enforce this article by appropriate legislation."
                    }
                },
                "SECTION-3": {
                    "NAME": "section three",
                    "DESCRIPTION": "",
                    "TEXT": {
                        "PARAGRAPH-1": "This article shall be inoperative unless it shall have been ratified as an amendment to the Constitution by the legislatures of the several States, as provided in the Constitution, within seven years from the date of the submission hereof to the States by the Congress."
                    }
                }
            }
        },
        "AMENDMENT-19": {
            "NAME": "the nineteenth amendment",
            "DESCRIPTION": "Prohibits the denial of the right to vote based on sex.",
            "DATE_RATIFIED": "August 18, 1920",
            "NUM_SECTIONS": 0,
            "TEXT": {
                "PARAGRAPH-1": "The right of citizens of the United States to vote shall not be denied or abridged by the United States or by any State on account of sex.",
                "PARAGRAPH-2": "Congress shall have power to enforce this article by appropriate legislation."
            }
        },
        "AMENDMENT-20": {
            "NAME": "the twentieth amendment",
            "DESCRIPTION": "Changes the date on which the terms of the President and Vice President (January 20) and Senators and Representatives (January 3) end and begin.",
            "DATE_RATIFIED": "January 23, 1933",
            "NUM_SECTIONS": 6,
            "TEXT": {
                "SECTION-1": {
                    "NAME": "section one",
                    "DESCRIPTION": "",
                    "TEXT": {
                        "PARAGRAPH-1": "The terms of the President and Vice President shall end at noon on the 20th day of January, and the terms of Senators and Representatives at noon on the 3d day of January, of the years in which such terms would have ended if this article had not been ratified; and the terms of their successors shall then begin."
                    }
                },
                "SECTION-2": {
                    "NAME": "section two",
                    "DESCRIPTION": "",
                    "TEXT": {
                        "PARAGRAPH-1": "The Congress shall assemble at least once in every year, and such meeting shall begin at noon on the 3d day of January, unless they shall by law appoint a different day."
                    }
                },
                "SECTION-3": {
                    "NAME": "section three",
                    "DESCRIPTION": "",
                    "TEXT": {
                        "PARAGRAPH-1": "If, at the time fixed for the beginning of the term of the President, the President elect shall have died, the Vice President elect shall become President. If a President shall not have been chosen before the time fixed for the beginning of his term, or if the President elect shall have failed to qualify, then the Vice President elect shall act as President until a President shall have qualified; and the Congress may by law provide for the case wherein neither a President elect nor a Vice President elect shall have qualified, declaring who shall then act as President, or the manner in which one who is to act shall be selected, and such person shall act accordingly until a President or Vice President shall have qualified."
                    }
                },
                "SECTION-4": {
                    "NAME": "section four",
                    "DESCRIPTION": "",
                    "TEXT": {
                        "PARAGRAPH-1": "The Congress may by law provide for the case of the death of any of the persons from whom the House of Representatives may choose a President whenever the right of choice shall have devolved upon them, and for the case of the death of any of the persons from whom the Senate may choose a Vice President whenever the right of choice shall have devolved upon them."
                    }
                },
                "SECTION-5": {
                    "NAME": "section five",
                    "DESCRIPTION": "",
                    "TEXT": {
                        "PARAGRAPH-1": "Sections 1 and 2 shall take effect on the 15th day of October following the ratification of this article."
                    }
                },
                "SECTION-6": {
                    "NAME": "section six",
                    "DESCRIPTION": "",
                    "TEXT": {
                        "PARAGRAPH-1": "This article shall be inoperative unless it shall have been ratified as an amendment to the Constitution by the legislatures of three-fourths of the several States within seven years from the date of its submission."
                    }
                }
            }
        },
        "AMENDMENT-21": {
            "NAME": "the twenty-first amendment",
            "DESCRIPTION": "Repeals the 18th Amendment and makes it a federal offense to transport or import intoxicating liquors into US states and territories where such transport or importation is prohibited by the laws of those states and territories.",
            "DATE_RATIFIED": "December 5, 1933",
            "NUM_SECTIONS": 3,
            "TEXT": {
                "SECTION-1": {
                    "NAME": "section one",
                    "DESCRIPTION": "",
                    "TEXT": {
                        "PARAGRAPH-1": "The eighteenth article of amendment to the Constitution of the United States is hereby repealed."
                    }
                },
                "SECTION-2": {
                    "NAME": "section two",
                    "DESCRIPTION": "",
                    "TEXT": {
                        "PARAGRAPH-1": "The transportation or importation into any State, Territory, or possession of the United States for delivery or use therein of intoxicating liquors, in violation of the laws thereof, is hereby prohibited."
                    }
                },
                "SECTION-3": {
                    "NAME": "section three",
                    "DESCRIPTION": "",
                    "TEXT": {
                        "PARAGRAPH-1": "This article shall be inoperative unless it shall have been ratified as an amendment to the Constitution by conventions in the several States, as provided in the Constitution, within seven years from the date of the submission hereof to the States by the Congress."
                    }
                }
            }
        },
        "AMENDMENT-22": {
            "NAME": "the twenty-second amendment",
            "DESCRIPTION": "Limits the number of times that a person can be elected president: a person cannot be elected president more than twice, and a person who has served more than two years of a term to which someone else was elected cannot be elected more than once.",
            "DATE_RATIFIED": "February 27, 1951",
            "NUM_SECTIONS": 2,
            "TEXT": {
                "SECTION-1": {
                    "NAME": "section one",
                    "DESCRIPTION": "",
                    "TEXT": {
                        "PARAGRAPH-1": "No person shall be elected to the office of the President more than twice, and no person who has held the office of President, or acted as President, for more than two years of a term to which some other person was elected President shall be elected to the office of the President more than once. But this Article shall not apply to any person holding the office of President, when this Article was proposed by the Congress, and shall not prevent any person who may be holding the office of President, or acting as President, during the term within which this Article becomes operative from holding the office of President or acting as President during the remainder of such term."
                    }
                },
                "SECTION-2": {
                    "NAME": "section two",
                    "DESCRIPTION": "",
                    "TEXT": {
                        "PARAGRAPH-1": "This article shall be inoperative unless it shall have been ratified as an amendment to the Constitution by the legislatures of three-fourths of the several States within seven years from the date of its submission to the States by the Congress."
                    }
                }
            }
        },
        "AMENDMENT-23": {
            "NAME": "the twenty-third amendment",
            "DESCRIPTION": "Grants the District of Columbia electors (the number of electors being equal to the least populous state) in the Electoral College.",
            "DATE_RATIFIED": "March 29, 1961",
            "NUM_SECTIONS": 2,
            "TEXT": {
                "SECTION-1": {
                    "NAME": "section one",
                    "DESCRIPTION": "",
                    "TEXT": {
                        "PARAGRAPH-1": "The District constituting the seat of Government of the United States shall appoint in such manner as the Congress may direct:",
                        "PARAGRAPH-2": "A number of electors of President and Vice President equal to the whole number of Senators and Representatives in Congress to which the District would be entitled if it were a State, but in no event more than the least populous State; they shall be in addition to those appointed by the States, but they shall be considered, for the purposes of the election of President and Vice President, to be electors appointed by a State; and they shall meet in the District and perform such duties as provided by the twelfth article of amendment."
                    }
                },
                "SECTION-2": {
                    "NAME": "section two",
                    "DESCRIPTION": "",
                    "TEXT": {
                        "PARAGRAPH-1": "The Congress shall have power to enforce this article by appropriate legislation."
                    }
                }
            }
        },
        "AMENDMENT-24": {
            "NAME": "the twenty-fourth amendment",
            "DESCRIPTION": "Prohibits the revocation of voting rights due to the non-payment of a poll tax or any other tax.",
            "DATE_RATIFIED": "January 23, 1964",
            "NUM_SECTIONS": 2,
            "TEXT": {
                "SECTION-1": {
                    "NAME": "section one",
                    "DESCRIPTION": "",
                    "TEXT": {
                        "PARAGRAPH-1": "The right of citizens of the United States to vote in any primary or other election for President or Vice President for electors for President or Vice President, or for Senator or Representative in Congress, shall not be denied or abridged by the United States or any State by reason of failure to pay any poll tax or other tax."
                    }
                },
                "SECTION-2": {
                    "NAME": "section two",
                    "DESCRIPTION": "",
                    "TEXT": {
                        "PARAGRAPH-1": "The Congress shall have power to enforce this article by appropriate legislation."
                    }
                }
            }
        },
        "AMENDMENT-25": {
            "NAME": "the twenty-fifth amendment",
            "DESCRIPTION": "Addresses succession to the Presidency and establishes procedures both for filling a vacancy in the office of the Vice President, as well as responding to Presidential disabilities.",
            "DATE_RATIFIED": "February 10, 1967",
            "NUM_SECTIONS": 4,
            "TEXT": {
                "SECTION-1": {
                    "NAME": "section one",
                    "DESCRIPTION": "",
                    "TEXT": {
                        "PARAGRAPH-1": "In case of the removal of the President from office or of his death or resignation, the Vice President shall become President."
                    }
                },
                "SECTION-2": {
                    "NAME": "section two",
                    "DESCRIPTION": "",
                    "TEXT": {
                        "PARAGRAPH-1": "Whenever there is a vacancy in the office of the Vice President, the President shall nominate a Vice President who shall take office upon confirmation by a majority vote of both Houses of Congress."
                    }
                },
                "SECTION-3": {
                    "NAME": "section three",
                    "DESCRIPTION": "",
                    "TEXT": {
                        "PARAGRAPH-1": "Whenever the President transmits to the President pro tempore of the Senate and the Speaker of the House of Representatives his written declaration that he is unable to discharge the powers and duties of his office, and until he transmits to them a written declaration to the contrary, such powers and duties shall be discharged by the Vice President as Acting President."
                    }
                },
                "SECTION-4": {
                    "NAME": "section four",
                    "DESCRIPTION": "",
                    "TEXT": {
                        "PARAGRAPH-1": "Whenever the Vice President and a majority of either the principal officers of the executive departments or of such other body as Congress may by law provide, transmit to the President pro tempore of the Senate and the Speaker of the House of Representatives their written declaration that the President is unable to discharge the powers and duties of his office, the Vice President shall immediately assume the powers and duties of the office as Acting President.",
                        "PARAGRAPH-2": "Thereafter, when the President transmits to the President pro tempore of the Senate and the Speaker of the House of Representatives his written declaration that no inability exists, he shall resume the powers and duties of his office unless the Vice President and a majority of either the principal officers of the executive department or of such other body as Congress may by law provide, transmit within four days to the President pro tempore of the Senate and the Speaker of the House of Representatives their written declaration that the President is unable to discharge the powers and duties of his office. Thereupon Congress shall decide the issue, assembling within forty-eight hours for that purpose if not in session. If the Congress, within twenty-one days after receipt of the latter written declaration, or, if Congress is not in session, within twenty-one days after Congress is required to assemble, determines by two-thirds vote of both Houses that the President is unable to discharge the powers and duties of his office, the Vice President shall continue to discharge the same as Acting President; otherwise, the President shall resume the powers and duties of his office."
                    }
                }
            }
        },
        "AMENDMENT-26": {
            "NAME": "the twenty-sixth amendment",
            "DESCRIPTION": "Prohibits the denial of the right of US citizens, eighteen years of age or older, to vote on account of age.",
            "DATE_RATIFIED": "July 1, 1971",
            "NUM_SECTIONS": 4,
            "TEXT": {
                "SECTION-1": {
                    "NAME": "section one",
                    "DESCRIPTION": "",
                    "TEXT": {
                        "PARAGRAPH-1": "The right of citizens of the United States, who are eighteen years of age or older, to vote shall not be denied or abridged by the United States or by any State on account of age."
                    }
                },
                "SECTION-2": {
                    "NAME": "section two",
                    "DESCRIPTION": "",
                    "TEXT": {
                        "PARAGRAPH-1": "The Congress shall have power to enforce this article by appropriate legislation."
                    }
                }
            }
        },
        "AMENDMENT-27": {
            "NAME": "the twenty-seventh amendment",
            "DESCRIPTION": "Delays laws affecting Congressional salary from taking effect until after the next election of representatives.",
            "DATE_RATIFIED": "May 5, 1992",
            "NUM_SECTIONS": 0,
            "TEXT": {
                "PARAGRAPH-1": "No law varying the compensation for the services of the Senators and Representatives shall take effect, until an election of Representatives shall have intervened."
            }
        }
    }
}